FILE NAME,FORMAT,SIZE,URL
Tuberculosis-1,PNG,512*512,http://tuberculosis.by/
Tuberculosis-2,PNG,512*512,http://tuberculosis.by/
Tuberculosis-3,PNG,512*512,http://tuberculosis.by/
Tuberculosis-4,PNG,512*512,http://tuberculosis.by/
Tuberculosis-5,PNG,512*512,http://tuberculosis.by/
Tuberculosis-6,PNG,512*512,http://tuberculosis.by/
Tuberculosis-7,PNG,512*512,http://tuberculosis.by/
Tuberculosis-8,PNG,512*512,http://tuberculosis.by/
Tuberculosis-9,PNG,512*512,http://tuberculosis.by/
Tuberculosis-10,PNG,512*512,http://tuberculosis.by/
Tuberculosis-11,PNG,512*512,http://tuberculosis.by/
Tuberculosis-12,PNG,512*512,http://tuberculosis.by/
Tuberculosis-13,PNG,512*512,http://tuberculosis.by/
Tuberculosis-14,PNG,512*512,http://tuberculosis.by/
Tuberculosis-15,PNG,512*512,http://tuberculosis.by/
Tuberculosis-16,PNG,512*512,http://tuberculosis.by/
Tuberculosis-17,PNG,512*512,http://tuberculosis.by/
Tuberculosis-18,PNG,512*512,http://tuberculosis.by/
Tuberculosis-19,PNG,512*512,http://tuberculosis.by/
Tuberculosis-20,PNG,512*512,http://tuberculosis.by/
Tuberculosis-21,PNG,512*512,http://tuberculosis.by/
Tuberculosis-22,PNG,512*512,http://tuberculosis.by/
Tuberculosis-23,PNG,512*512,http://tuberculosis.by/
Tuberculosis-24,PNG,512*512,http://tuberculosis.by/
Tuberculosis-25,PNG,512*512,http://tuberculosis.by/
Tuberculosis-26,PNG,512*512,http://tuberculosis.by/
Tuberculosis-27,PNG,512*512,http://tuberculosis.by/
Tuberculosis-28,PNG,512*512,http://tuberculosis.by/
Tuberculosis-29,PNG,512*512,http://tuberculosis.by/
Tuberculosis-30,PNG,512*512,http://tuberculosis.by/
Tuberculosis-31,PNG,512*512,http://tuberculosis.by/
Tuberculosis-32,PNG,512*512,http://tuberculosis.by/
Tuberculosis-33,PNG,512*512,http://tuberculosis.by/
Tuberculosis-34,PNG,512*512,http://tuberculosis.by/
Tuberculosis-35,PNG,512*512,http://tuberculosis.by/
Tuberculosis-36,PNG,512*512,http://tuberculosis.by/
Tuberculosis-37,PNG,512*512,http://tuberculosis.by/
Tuberculosis-38,PNG,512*512,http://tuberculosis.by/
Tuberculosis-39,PNG,512*512,http://tuberculosis.by/
Tuberculosis-40,PNG,512*512,http://tuberculosis.by/
Tuberculosis-41,PNG,512*512,http://tuberculosis.by/
Tuberculosis-42,PNG,512*512,http://tuberculosis.by/
Tuberculosis-43,PNG,512*512,http://tuberculosis.by/
Tuberculosis-44,PNG,512*512,http://tuberculosis.by/
Tuberculosis-45,PNG,512*512,http://tuberculosis.by/
Tuberculosis-46,PNG,512*512,http://tuberculosis.by/
Tuberculosis-47,PNG,512*512,http://tuberculosis.by/
Tuberculosis-48,PNG,512*512,http://tuberculosis.by/
Tuberculosis-49,PNG,512*512,http://tuberculosis.by/
Tuberculosis-50,PNG,512*512,http://tuberculosis.by/
Tuberculosis-51,PNG,512*512,http://tuberculosis.by/
Tuberculosis-52,PNG,512*512,http://tuberculosis.by/
Tuberculosis-53,PNG,512*512,http://tuberculosis.by/
Tuberculosis-54,PNG,512*512,http://tuberculosis.by/
Tuberculosis-55,PNG,512*512,http://tuberculosis.by/
Tuberculosis-56,PNG,512*512,http://tuberculosis.by/
Tuberculosis-57,PNG,512*512,http://tuberculosis.by/
Tuberculosis-58,PNG,512*512,http://tuberculosis.by/
Tuberculosis-59,PNG,512*512,http://tuberculosis.by/
Tuberculosis-60,PNG,512*512,http://tuberculosis.by/
Tuberculosis-61,PNG,512*512,http://tuberculosis.by/
Tuberculosis-62,PNG,512*512,http://tuberculosis.by/
Tuberculosis-63,PNG,512*512,http://tuberculosis.by/
Tuberculosis-64,PNG,512*512,http://tuberculosis.by/
Tuberculosis-65,PNG,512*512,http://tuberculosis.by/
Tuberculosis-66,PNG,512*512,http://tuberculosis.by/
Tuberculosis-67,PNG,512*512,http://tuberculosis.by/
Tuberculosis-68,PNG,512*512,http://tuberculosis.by/
Tuberculosis-69,PNG,512*512,http://tuberculosis.by/
Tuberculosis-70,PNG,512*512,http://tuberculosis.by/
Tuberculosis-71,PNG,512*512,http://tuberculosis.by/
Tuberculosis-72,PNG,512*512,http://tuberculosis.by/
Tuberculosis-73,PNG,512*512,http://tuberculosis.by/
Tuberculosis-74,PNG,512*512,http://tuberculosis.by/
Tuberculosis-75,PNG,512*512,http://tuberculosis.by/
Tuberculosis-76,PNG,512*512,http://tuberculosis.by/
Tuberculosis-77,PNG,512*512,http://tuberculosis.by/
Tuberculosis-78,PNG,512*512,http://tuberculosis.by/
Tuberculosis-79,PNG,512*512,http://tuberculosis.by/
Tuberculosis-80,PNG,512*512,http://tuberculosis.by/
Tuberculosis-81,PNG,512*512,http://tuberculosis.by/
Tuberculosis-82,PNG,512*512,http://tuberculosis.by/
Tuberculosis-83,PNG,512*512,http://tuberculosis.by/
Tuberculosis-84,PNG,512*512,http://tuberculosis.by/
Tuberculosis-85,PNG,512*512,http://tuberculosis.by/
Tuberculosis-86,PNG,512*512,http://tuberculosis.by/
Tuberculosis-87,PNG,512*512,http://tuberculosis.by/
Tuberculosis-88,PNG,512*512,http://tuberculosis.by/
Tuberculosis-89,PNG,512*512,http://tuberculosis.by/
Tuberculosis-90,PNG,512*512,http://tuberculosis.by/
Tuberculosis-91,PNG,512*512,http://tuberculosis.by/
Tuberculosis-92,PNG,512*512,http://tuberculosis.by/
Tuberculosis-93,PNG,512*512,http://tuberculosis.by/
Tuberculosis-94,PNG,512*512,http://tuberculosis.by/
Tuberculosis-95,PNG,512*512,http://tuberculosis.by/
Tuberculosis-96,PNG,512*512,http://tuberculosis.by/
Tuberculosis-97,PNG,512*512,http://tuberculosis.by/
Tuberculosis-98,PNG,512*512,http://tuberculosis.by/
Tuberculosis-99,PNG,512*512,http://tuberculosis.by/
Tuberculosis-100,PNG,512*512,http://tuberculosis.by/
Tuberculosis-101,PNG,512*512,http://tuberculosis.by/
Tuberculosis-102,PNG,512*512,http://tuberculosis.by/
Tuberculosis-103,PNG,512*512,http://tuberculosis.by/
Tuberculosis-104,PNG,512*512,http://tuberculosis.by/
Tuberculosis-105,PNG,512*512,http://tuberculosis.by/
Tuberculosis-106,PNG,512*512,http://tuberculosis.by/
Tuberculosis-107,PNG,512*512,http://tuberculosis.by/
Tuberculosis-108,PNG,512*512,http://tuberculosis.by/
Tuberculosis-109,PNG,512*512,http://tuberculosis.by/
Tuberculosis-110,PNG,512*512,http://tuberculosis.by/
Tuberculosis-111,PNG,512*512,http://tuberculosis.by/
Tuberculosis-112,PNG,512*512,http://tuberculosis.by/
Tuberculosis-113,PNG,512*512,http://tuberculosis.by/
Tuberculosis-114,PNG,512*512,http://tuberculosis.by/
Tuberculosis-115,PNG,512*512,http://tuberculosis.by/
Tuberculosis-116,PNG,512*512,http://tuberculosis.by/
Tuberculosis-117,PNG,512*512,http://tuberculosis.by/
Tuberculosis-118,PNG,512*512,http://tuberculosis.by/
Tuberculosis-119,PNG,512*512,http://tuberculosis.by/
Tuberculosis-120,PNG,512*512,http://tuberculosis.by/
Tuberculosis-121,PNG,512*512,http://tuberculosis.by/
Tuberculosis-122,PNG,512*512,http://tuberculosis.by/
Tuberculosis-123,PNG,512*512,http://tuberculosis.by/
Tuberculosis-124,PNG,512*512,http://tuberculosis.by/
Tuberculosis-125,PNG,512*512,http://tuberculosis.by/
Tuberculosis-126,PNG,512*512,http://tuberculosis.by/
Tuberculosis-127,PNG,512*512,http://tuberculosis.by/
Tuberculosis-128,PNG,512*512,http://tuberculosis.by/
Tuberculosis-129,PNG,512*512,http://tuberculosis.by/
Tuberculosis-130,PNG,512*512,http://tuberculosis.by/
Tuberculosis-131,PNG,512*512,http://tuberculosis.by/
Tuberculosis-132,PNG,512*512,http://tuberculosis.by/
Tuberculosis-133,PNG,512*512,http://tuberculosis.by/
Tuberculosis-134,PNG,512*512,http://tuberculosis.by/
Tuberculosis-135,PNG,512*512,http://tuberculosis.by/
Tuberculosis-136,PNG,512*512,http://tuberculosis.by/
Tuberculosis-137,PNG,512*512,http://tuberculosis.by/
Tuberculosis-138,PNG,512*512,http://tuberculosis.by/
Tuberculosis-139,PNG,512*512,http://tuberculosis.by/
Tuberculosis-140,PNG,512*512,http://tuberculosis.by/
Tuberculosis-141,PNG,512*512,http://tuberculosis.by/
Tuberculosis-142,PNG,512*512,http://tuberculosis.by/
Tuberculosis-143,PNG,512*512,http://tuberculosis.by/
Tuberculosis-144,PNG,512*512,http://tuberculosis.by/
Tuberculosis-145,PNG,512*512,http://tuberculosis.by/
Tuberculosis-146,PNG,512*512,http://tuberculosis.by/
Tuberculosis-147,PNG,512*512,http://tuberculosis.by/
Tuberculosis-148,PNG,512*512,http://tuberculosis.by/
Tuberculosis-149,PNG,512*512,http://tuberculosis.by/
Tuberculosis-150,PNG,512*512,http://tuberculosis.by/
Tuberculosis-151,PNG,512*512,http://tuberculosis.by/
Tuberculosis-152,PNG,512*512,http://tuberculosis.by/
Tuberculosis-153,PNG,512*512,http://tuberculosis.by/
Tuberculosis-154,PNG,512*512,http://tuberculosis.by/
Tuberculosis-155,PNG,512*512,http://tuberculosis.by/
Tuberculosis-156,PNG,512*512,http://tuberculosis.by/
Tuberculosis-157,PNG,512*512,http://tuberculosis.by/
Tuberculosis-158,PNG,512*512,http://tuberculosis.by/
Tuberculosis-159,PNG,512*512,http://tuberculosis.by/
Tuberculosis-160,PNG,512*512,http://tuberculosis.by/
Tuberculosis-161,PNG,512*512,http://tuberculosis.by/
Tuberculosis-162,PNG,512*512,http://tuberculosis.by/
Tuberculosis-163,PNG,512*512,http://tuberculosis.by/
Tuberculosis-164,PNG,512*512,http://tuberculosis.by/
Tuberculosis-165,PNG,512*512,http://tuberculosis.by/
Tuberculosis-166,PNG,512*512,http://tuberculosis.by/
Tuberculosis-167,PNG,512*512,http://tuberculosis.by/
Tuberculosis-168,PNG,512*512,http://tuberculosis.by/
Tuberculosis-169,PNG,512*512,http://tuberculosis.by/
Tuberculosis-170,PNG,512*512,http://tuberculosis.by/
Tuberculosis-171,PNG,512*512,http://tuberculosis.by/
Tuberculosis-172,PNG,512*512,http://tuberculosis.by/
Tuberculosis-173,PNG,512*512,http://tuberculosis.by/
Tuberculosis-174,PNG,512*512,http://tuberculosis.by/
Tuberculosis-175,PNG,512*512,http://tuberculosis.by/
Tuberculosis-176,PNG,512*512,http://tuberculosis.by/
Tuberculosis-177,PNG,512*512,http://tuberculosis.by/
Tuberculosis-178,PNG,512*512,http://tuberculosis.by/
Tuberculosis-179,PNG,512*512,http://tuberculosis.by/
Tuberculosis-180,PNG,512*512,http://tuberculosis.by/
Tuberculosis-181,PNG,512*512,http://tuberculosis.by/
Tuberculosis-182,PNG,512*512,http://tuberculosis.by/
Tuberculosis-183,PNG,512*512,http://tuberculosis.by/
Tuberculosis-184,PNG,512*512,http://tuberculosis.by/
Tuberculosis-185,PNG,512*512,http://tuberculosis.by/
Tuberculosis-186,PNG,512*512,http://tuberculosis.by/
Tuberculosis-187,PNG,512*512,http://tuberculosis.by/
Tuberculosis-188,PNG,512*512,http://tuberculosis.by/
Tuberculosis-189,PNG,512*512,http://tuberculosis.by/
Tuberculosis-190,PNG,512*512,http://tuberculosis.by/
Tuberculosis-191,PNG,512*512,http://tuberculosis.by/
Tuberculosis-192,PNG,512*512,http://tuberculosis.by/
Tuberculosis-193,PNG,512*512,http://tuberculosis.by/
Tuberculosis-194,PNG,512*512,http://tuberculosis.by/
Tuberculosis-195,PNG,512*512,http://tuberculosis.by/
Tuberculosis-196,PNG,512*512,http://tuberculosis.by/
Tuberculosis-197,PNG,512*512,http://tuberculosis.by/
Tuberculosis-198,PNG,512*512,http://tuberculosis.by/
Tuberculosis-199,PNG,512*512,http://tuberculosis.by/
Tuberculosis-200,PNG,512*512,http://tuberculosis.by/
Tuberculosis-201,PNG,512*512,http://tuberculosis.by/
Tuberculosis-202,PNG,512*512,http://tuberculosis.by/
Tuberculosis-203,PNG,512*512,http://tuberculosis.by/
Tuberculosis-204,PNG,512*512,http://tuberculosis.by/
Tuberculosis-205,PNG,512*512,http://tuberculosis.by/
Tuberculosis-206,PNG,512*512,http://tuberculosis.by/
Tuberculosis-207,PNG,512*512,http://tuberculosis.by/
Tuberculosis-208,PNG,512*512,http://tuberculosis.by/
Tuberculosis-209,PNG,512*512,http://tuberculosis.by/
Tuberculosis-210,PNG,512*512,http://tuberculosis.by/
Tuberculosis-211,PNG,512*512,http://tuberculosis.by/
Tuberculosis-212,PNG,512*512,http://tuberculosis.by/
Tuberculosis-213,PNG,512*512,http://tuberculosis.by/
Tuberculosis-214,PNG,512*512,http://tuberculosis.by/
Tuberculosis-215,PNG,512*512,http://tuberculosis.by/
Tuberculosis-216,PNG,512*512,http://tuberculosis.by/
Tuberculosis-217,PNG,512*512,http://tuberculosis.by/
Tuberculosis-218,PNG,512*512,http://tuberculosis.by/
Tuberculosis-219,PNG,512*512,http://tuberculosis.by/
Tuberculosis-220,PNG,512*512,http://tuberculosis.by/
Tuberculosis-221,PNG,512*512,http://tuberculosis.by/
Tuberculosis-222,PNG,512*512,http://tuberculosis.by/
Tuberculosis-223,PNG,512*512,http://tuberculosis.by/
Tuberculosis-224,PNG,512*512,http://tuberculosis.by/
Tuberculosis-225,PNG,512*512,http://tuberculosis.by/
Tuberculosis-226,PNG,512*512,http://tuberculosis.by/
Tuberculosis-227,PNG,512*512,http://tuberculosis.by/
Tuberculosis-228,PNG,512*512,http://tuberculosis.by/
Tuberculosis-229,PNG,512*512,http://tuberculosis.by/
Tuberculosis-230,PNG,512*512,http://tuberculosis.by/
Tuberculosis-231,PNG,512*512,http://tuberculosis.by/
Tuberculosis-232,PNG,512*512,http://tuberculosis.by/
Tuberculosis-233,PNG,512*512,http://tuberculosis.by/
Tuberculosis-234,PNG,512*512,http://tuberculosis.by/
Tuberculosis-235,PNG,512*512,http://tuberculosis.by/
Tuberculosis-236,PNG,512*512,http://tuberculosis.by/
Tuberculosis-237,PNG,512*512,http://tuberculosis.by/
Tuberculosis-238,PNG,512*512,http://tuberculosis.by/
Tuberculosis-239,PNG,512*512,http://tuberculosis.by/
Tuberculosis-240,PNG,512*512,http://tuberculosis.by/
Tuberculosis-241,PNG,512*512,http://tuberculosis.by/
Tuberculosis-242,PNG,512*512,http://tuberculosis.by/
Tuberculosis-243,PNG,512*512,http://tuberculosis.by/
Tuberculosis-244,PNG,512*512,http://tuberculosis.by/
Tuberculosis-245,PNG,512*512,http://tuberculosis.by/
Tuberculosis-246,PNG,512*512,http://tuberculosis.by/
Tuberculosis-247,PNG,512*512,http://tuberculosis.by/
Tuberculosis-248,PNG,512*512,http://tuberculosis.by/
Tuberculosis-249,PNG,512*512,http://tuberculosis.by/
Tuberculosis-250,PNG,512*512,http://tuberculosis.by/
Tuberculosis-251,PNG,512*512,http://tuberculosis.by/
Tuberculosis-252,PNG,512*512,http://tuberculosis.by/
Tuberculosis-253,PNG,512*512,http://tuberculosis.by/
Tuberculosis-254,PNG,512*512,http://tuberculosis.by/
Tuberculosis-255,PNG,512*512,http://tuberculosis.by/
Tuberculosis-256,PNG,512*512,http://tuberculosis.by/
Tuberculosis-257,PNG,512*512,http://tuberculosis.by/
Tuberculosis-258,PNG,512*512,http://tuberculosis.by/
Tuberculosis-259,PNG,512*512,http://tuberculosis.by/
Tuberculosis-260,PNG,512*512,http://tuberculosis.by/
Tuberculosis-261,PNG,512*512,http://tuberculosis.by/
Tuberculosis-262,PNG,512*512,http://tuberculosis.by/
Tuberculosis-263,PNG,512*512,http://tuberculosis.by/
Tuberculosis-264,PNG,512*512,http://tuberculosis.by/
Tuberculosis-265,PNG,512*512,http://tuberculosis.by/
Tuberculosis-266,PNG,512*512,http://tuberculosis.by/
Tuberculosis-267,PNG,512*512,http://tuberculosis.by/
Tuberculosis-268,PNG,512*512,http://tuberculosis.by/
Tuberculosis-269,PNG,512*512,http://tuberculosis.by/
Tuberculosis-270,PNG,512*512,http://tuberculosis.by/
Tuberculosis-271,PNG,512*512,http://tuberculosis.by/
Tuberculosis-272,PNG,512*512,http://tuberculosis.by/
Tuberculosis-273,PNG,512*512,http://tuberculosis.by/
Tuberculosis-274,PNG,512*512,http://tuberculosis.by/
Tuberculosis-275,PNG,512*512,http://tuberculosis.by/
Tuberculosis-276,PNG,512*512,http://tuberculosis.by/
Tuberculosis-277,PNG,512*512,http://tuberculosis.by/
Tuberculosis-278,PNG,512*512,http://tuberculosis.by/
Tuberculosis-279,PNG,512*512,http://tuberculosis.by/
Tuberculosis-280,PNG,512*512,http://tuberculosis.by/
Tuberculosis-281,PNG,512*512,http://tuberculosis.by/
Tuberculosis-282,PNG,512*512,http://tuberculosis.by/
Tuberculosis-283,PNG,512*512,http://tuberculosis.by/
Tuberculosis-284,PNG,512*512,http://tuberculosis.by/
Tuberculosis-285,PNG,512*512,http://tuberculosis.by/
Tuberculosis-286,PNG,512*512,http://tuberculosis.by/
Tuberculosis-287,PNG,512*512,http://tuberculosis.by/
Tuberculosis-288,PNG,512*512,http://tuberculosis.by/
Tuberculosis-289,PNG,512*512,http://tuberculosis.by/
Tuberculosis-290,PNG,512*512,http://tuberculosis.by/
Tuberculosis-291,PNG,512*512,http://tuberculosis.by/
Tuberculosis-292,PNG,512*512,http://tuberculosis.by/
Tuberculosis-293,PNG,512*512,http://tuberculosis.by/
Tuberculosis-294,PNG,512*512,http://tuberculosis.by/
Tuberculosis-295,PNG,512*512,http://tuberculosis.by/
Tuberculosis-296,PNG,512*512,http://tuberculosis.by/
Tuberculosis-297,PNG,512*512,http://tuberculosis.by/
Tuberculosis-298,PNG,512*512,http://tuberculosis.by/
Tuberculosis-299,PNG,512*512,http://tuberculosis.by/
Tuberculosis-300,PNG,512*512,http://tuberculosis.by/
Tuberculosis-301,PNG,512*512,http://tuberculosis.by/
Tuberculosis-302,PNG,512*512,http://tuberculosis.by/
Tuberculosis-303,PNG,512*512,http://tuberculosis.by/
Tuberculosis-304,PNG,512*512,http://tuberculosis.by/
Tuberculosis-305,PNG,512*512,http://tuberculosis.by/
Tuberculosis-306,PNG,512*512,http://tuberculosis.by/
Tuberculosis-307,PNG,512*512,https://www.ncbi.nlm.nih.gov/pmc/articles/PMC4256233/
Tuberculosis-308,PNG,512*512,https://www.ncbi.nlm.nih.gov/pmc/articles/PMC4256233/
Tuberculosis-309,PNG,512*512,https://www.ncbi.nlm.nih.gov/pmc/articles/PMC4256233/
Tuberculosis-310,PNG,512*512,https://www.ncbi.nlm.nih.gov/pmc/articles/PMC4256233/
Tuberculosis-311,PNG,512*512,https://www.ncbi.nlm.nih.gov/pmc/articles/PMC4256233/
Tuberculosis-312,PNG,512*512,https://www.ncbi.nlm.nih.gov/pmc/articles/PMC4256233/
Tuberculosis-313,PNG,512*512,https://www.ncbi.nlm.nih.gov/pmc/articles/PMC4256233/
Tuberculosis-314,PNG,512*512,https://www.ncbi.nlm.nih.gov/pmc/articles/PMC4256233/
Tuberculosis-315,PNG,512*512,https://www.ncbi.nlm.nih.gov/pmc/articles/PMC4256233/
Tuberculosis-316,PNG,512*512,https://www.ncbi.nlm.nih.gov/pmc/articles/PMC4256233/
Tuberculosis-317,PNG,512*512,https://www.ncbi.nlm.nih.gov/pmc/articles/PMC4256233/
Tuberculosis-318,PNG,512*512,https://www.ncbi.nlm.nih.gov/pmc/articles/PMC4256233/
Tuberculosis-319,PNG,512*512,https://www.ncbi.nlm.nih.gov/pmc/articles/PMC4256233/
Tuberculosis-320,PNG,512*512,https://www.ncbi.nlm.nih.gov/pmc/articles/PMC4256233/
Tuberculosis-321,PNG,512*512,https://www.ncbi.nlm.nih.gov/pmc/articles/PMC4256233/
Tuberculosis-322,PNG,512*512,https://www.ncbi.nlm.nih.gov/pmc/articles/PMC4256233/
Tuberculosis-323,PNG,512*512,https://www.ncbi.nlm.nih.gov/pmc/articles/PMC4256233/
Tuberculosis-324,PNG,512*512,https://www.ncbi.nlm.nih.gov/pmc/articles/PMC4256233/
Tuberculosis-325,PNG,512*512,https://www.ncbi.nlm.nih.gov/pmc/articles/PMC4256233/
Tuberculosis-326,PNG,512*512,https://www.ncbi.nlm.nih.gov/pmc/articles/PMC4256233/
Tuberculosis-327,PNG,512*512,https://www.ncbi.nlm.nih.gov/pmc/articles/PMC4256233/
Tuberculosis-328,PNG,512*512,https://www.ncbi.nlm.nih.gov/pmc/articles/PMC4256233/
Tuberculosis-329,PNG,512*512,https://www.ncbi.nlm.nih.gov/pmc/articles/PMC4256233/
Tuberculosis-330,PNG,512*512,https://www.ncbi.nlm.nih.gov/pmc/articles/PMC4256233/
Tuberculosis-331,PNG,512*512,https://www.ncbi.nlm.nih.gov/pmc/articles/PMC4256233/
Tuberculosis-332,PNG,512*512,https://www.ncbi.nlm.nih.gov/pmc/articles/PMC4256233/
Tuberculosis-333,PNG,512*512,https://www.ncbi.nlm.nih.gov/pmc/articles/PMC4256233/
Tuberculosis-334,PNG,512*512,https://www.ncbi.nlm.nih.gov/pmc/articles/PMC4256233/
Tuberculosis-335,PNG,512*512,https://www.ncbi.nlm.nih.gov/pmc/articles/PMC4256233/
Tuberculosis-336,PNG,512*512,https://www.ncbi.nlm.nih.gov/pmc/articles/PMC4256233/
Tuberculosis-337,PNG,512*512,https://www.ncbi.nlm.nih.gov/pmc/articles/PMC4256233/
Tuberculosis-338,PNG,512*512,https://www.ncbi.nlm.nih.gov/pmc/articles/PMC4256233/
Tuberculosis-339,PNG,512*512,https://www.ncbi.nlm.nih.gov/pmc/articles/PMC4256233/
Tuberculosis-340,PNG,512*512,https://www.ncbi.nlm.nih.gov/pmc/articles/PMC4256233/
Tuberculosis-341,PNG,512*512,https://www.ncbi.nlm.nih.gov/pmc/articles/PMC4256233/
Tuberculosis-342,PNG,512*512,https://www.ncbi.nlm.nih.gov/pmc/articles/PMC4256233/
Tuberculosis-343,PNG,512*512,https://www.ncbi.nlm.nih.gov/pmc/articles/PMC4256233/
Tuberculosis-344,PNG,512*512,https://www.ncbi.nlm.nih.gov/pmc/articles/PMC4256233/
Tuberculosis-345,PNG,512*512,https://www.ncbi.nlm.nih.gov/pmc/articles/PMC4256233/
Tuberculosis-346,PNG,512*512,https://www.ncbi.nlm.nih.gov/pmc/articles/PMC4256233/
Tuberculosis-347,PNG,512*512,https://www.ncbi.nlm.nih.gov/pmc/articles/PMC4256233/
Tuberculosis-348,PNG,512*512,https://www.ncbi.nlm.nih.gov/pmc/articles/PMC4256233/
Tuberculosis-349,PNG,512*512,https://www.ncbi.nlm.nih.gov/pmc/articles/PMC4256233/
Tuberculosis-350,PNG,512*512,https://www.ncbi.nlm.nih.gov/pmc/articles/PMC4256233/
Tuberculosis-351,PNG,512*512,https://www.ncbi.nlm.nih.gov/pmc/articles/PMC4256233/
Tuberculosis-352,PNG,512*512,https://www.ncbi.nlm.nih.gov/pmc/articles/PMC4256233/
Tuberculosis-353,PNG,512*512,https://www.ncbi.nlm.nih.gov/pmc/articles/PMC4256233/
Tuberculosis-354,PNG,512*512,https://www.ncbi.nlm.nih.gov/pmc/articles/PMC4256233/
Tuberculosis-355,PNG,512*512,https://www.ncbi.nlm.nih.gov/pmc/articles/PMC4256233/
Tuberculosis-356,PNG,512*512,https://www.ncbi.nlm.nih.gov/pmc/articles/PMC4256233/
Tuberculosis-357,PNG,512*512,https://www.ncbi.nlm.nih.gov/pmc/articles/PMC4256233/
Tuberculosis-358,PNG,512*512,https://www.ncbi.nlm.nih.gov/pmc/articles/PMC4256233/
Tuberculosis-359,PNG,512*512,https://www.ncbi.nlm.nih.gov/pmc/articles/PMC4256233/
Tuberculosis-360,PNG,512*512,https://www.ncbi.nlm.nih.gov/pmc/articles/PMC4256233/
Tuberculosis-361,PNG,512*512,https://www.ncbi.nlm.nih.gov/pmc/articles/PMC4256233/
Tuberculosis-362,PNG,512*512,https://www.ncbi.nlm.nih.gov/pmc/articles/PMC4256233/
Tuberculosis-363,PNG,512*512,https://www.ncbi.nlm.nih.gov/pmc/articles/PMC4256233/
Tuberculosis-364,PNG,512*512,https://www.ncbi.nlm.nih.gov/pmc/articles/PMC4256233/
Tuberculosis-365,PNG,512*512,https://www.ncbi.nlm.nih.gov/pmc/articles/PMC4256233/
Tuberculosis-366,PNG,512*512,https://www.ncbi.nlm.nih.gov/pmc/articles/PMC4256233/
Tuberculosis-367,PNG,512*512,https://www.ncbi.nlm.nih.gov/pmc/articles/PMC4256233/
Tuberculosis-368,PNG,512*512,https://www.ncbi.nlm.nih.gov/pmc/articles/PMC4256233/
Tuberculosis-369,PNG,512*512,https://www.ncbi.nlm.nih.gov/pmc/articles/PMC4256233/
Tuberculosis-370,PNG,512*512,https://www.ncbi.nlm.nih.gov/pmc/articles/PMC4256233/
Tuberculosis-371,PNG,512*512,https://www.ncbi.nlm.nih.gov/pmc/articles/PMC4256233/
Tuberculosis-372,PNG,512*512,https://www.ncbi.nlm.nih.gov/pmc/articles/PMC4256233/
Tuberculosis-373,PNG,512*512,https://www.ncbi.nlm.nih.gov/pmc/articles/PMC4256233/
Tuberculosis-374,PNG,512*512,https://www.ncbi.nlm.nih.gov/pmc/articles/PMC4256233/
Tuberculosis-375,PNG,512*512,https://www.ncbi.nlm.nih.gov/pmc/articles/PMC4256233/
Tuberculosis-376,PNG,512*512,https://www.ncbi.nlm.nih.gov/pmc/articles/PMC4256233/
Tuberculosis-377,PNG,512*512,https://www.ncbi.nlm.nih.gov/pmc/articles/PMC4256233/
Tuberculosis-378,PNG,512*512,https://www.ncbi.nlm.nih.gov/pmc/articles/PMC4256233/
Tuberculosis-379,PNG,512*512,https://www.ncbi.nlm.nih.gov/pmc/articles/PMC4256233/
Tuberculosis-380,PNG,512*512,https://www.ncbi.nlm.nih.gov/pmc/articles/PMC4256233/
Tuberculosis-381,PNG,512*512,https://www.ncbi.nlm.nih.gov/pmc/articles/PMC4256233/
Tuberculosis-382,PNG,512*512,https://www.ncbi.nlm.nih.gov/pmc/articles/PMC4256233/
Tuberculosis-383,PNG,512*512,https://www.ncbi.nlm.nih.gov/pmc/articles/PMC4256233/
Tuberculosis-384,PNG,512*512,https://www.ncbi.nlm.nih.gov/pmc/articles/PMC4256233/
Tuberculosis-385,PNG,512*512,https://www.ncbi.nlm.nih.gov/pmc/articles/PMC4256233/
Tuberculosis-386,PNG,512*512,https://www.ncbi.nlm.nih.gov/pmc/articles/PMC4256233/
Tuberculosis-387,PNG,512*512,https://www.ncbi.nlm.nih.gov/pmc/articles/PMC4256233/
Tuberculosis-388,PNG,512*512,https://www.ncbi.nlm.nih.gov/pmc/articles/PMC4256233/
Tuberculosis-389,PNG,512*512,https://www.ncbi.nlm.nih.gov/pmc/articles/PMC4256233/
Tuberculosis-390,PNG,512*512,https://www.ncbi.nlm.nih.gov/pmc/articles/PMC4256233/
Tuberculosis-391,PNG,512*512,https://www.ncbi.nlm.nih.gov/pmc/articles/PMC4256233/
Tuberculosis-392,PNG,512*512,https://www.ncbi.nlm.nih.gov/pmc/articles/PMC4256233/
Tuberculosis-393,PNG,512*512,https://www.ncbi.nlm.nih.gov/pmc/articles/PMC4256233/
Tuberculosis-394,PNG,512*512,https://www.ncbi.nlm.nih.gov/pmc/articles/PMC4256233/
Tuberculosis-395,PNG,512*512,https://www.ncbi.nlm.nih.gov/pmc/articles/PMC4256233/
Tuberculosis-396,PNG,512*512,https://www.ncbi.nlm.nih.gov/pmc/articles/PMC4256233/
Tuberculosis-397,PNG,512*512,https://www.ncbi.nlm.nih.gov/pmc/articles/PMC4256233/
Tuberculosis-398,PNG,512*512,https://www.ncbi.nlm.nih.gov/pmc/articles/PMC4256233/
Tuberculosis-399,PNG,512*512,https://www.ncbi.nlm.nih.gov/pmc/articles/PMC4256233/
Tuberculosis-400,PNG,512*512,https://www.ncbi.nlm.nih.gov/pmc/articles/PMC4256233/
Tuberculosis-401,PNG,512*512,https://www.ncbi.nlm.nih.gov/pmc/articles/PMC4256233/
Tuberculosis-402,PNG,512*512,https://www.ncbi.nlm.nih.gov/pmc/articles/PMC4256233/
Tuberculosis-403,PNG,512*512,https://www.ncbi.nlm.nih.gov/pmc/articles/PMC4256233/
Tuberculosis-404,PNG,512*512,https://www.ncbi.nlm.nih.gov/pmc/articles/PMC4256233/
Tuberculosis-405,PNG,512*512,https://www.ncbi.nlm.nih.gov/pmc/articles/PMC4256233/
Tuberculosis-406,PNG,512*512,https://www.ncbi.nlm.nih.gov/pmc/articles/PMC4256233/
Tuberculosis-407,PNG,512*512,https://www.ncbi.nlm.nih.gov/pmc/articles/PMC4256233/
Tuberculosis-408,PNG,512*512,https://www.ncbi.nlm.nih.gov/pmc/articles/PMC4256233/
Tuberculosis-409,PNG,512*512,https://www.ncbi.nlm.nih.gov/pmc/articles/PMC4256233/
Tuberculosis-410,PNG,512*512,https://www.ncbi.nlm.nih.gov/pmc/articles/PMC4256233/
Tuberculosis-411,PNG,512*512,https://www.ncbi.nlm.nih.gov/pmc/articles/PMC4256233/
Tuberculosis-412,PNG,512*512,https://www.ncbi.nlm.nih.gov/pmc/articles/PMC4256233/
Tuberculosis-413,PNG,512*512,https://www.ncbi.nlm.nih.gov/pmc/articles/PMC4256233/
Tuberculosis-414,PNG,512*512,https://www.ncbi.nlm.nih.gov/pmc/articles/PMC4256233/
Tuberculosis-415,PNG,512*512,https://www.ncbi.nlm.nih.gov/pmc/articles/PMC4256233/
Tuberculosis-416,PNG,512*512,https://www.ncbi.nlm.nih.gov/pmc/articles/PMC4256233/
Tuberculosis-417,PNG,512*512,https://www.ncbi.nlm.nih.gov/pmc/articles/PMC4256233/
Tuberculosis-418,PNG,512*512,https://www.ncbi.nlm.nih.gov/pmc/articles/PMC4256233/
Tuberculosis-419,PNG,512*512,https://www.ncbi.nlm.nih.gov/pmc/articles/PMC4256233/
Tuberculosis-420,PNG,512*512,https://www.ncbi.nlm.nih.gov/pmc/articles/PMC4256233/
Tuberculosis-421,PNG,512*512,https://www.ncbi.nlm.nih.gov/pmc/articles/PMC4256233/
Tuberculosis-422,PNG,512*512,https://www.ncbi.nlm.nih.gov/pmc/articles/PMC4256233/
Tuberculosis-423,PNG,512*512,https://www.ncbi.nlm.nih.gov/pmc/articles/PMC4256233/
Tuberculosis-424,PNG,512*512,https://www.ncbi.nlm.nih.gov/pmc/articles/PMC4256233/
Tuberculosis-425,PNG,512*512,https://www.ncbi.nlm.nih.gov/pmc/articles/PMC4256233/
Tuberculosis-426,PNG,512*512,https://www.ncbi.nlm.nih.gov/pmc/articles/PMC4256233/
Tuberculosis-427,PNG,512*512,https://www.ncbi.nlm.nih.gov/pmc/articles/PMC4256233/
Tuberculosis-428,PNG,512*512,https://www.ncbi.nlm.nih.gov/pmc/articles/PMC4256233/
Tuberculosis-429,PNG,512*512,https://www.ncbi.nlm.nih.gov/pmc/articles/PMC4256233/
Tuberculosis-430,PNG,512*512,https://www.ncbi.nlm.nih.gov/pmc/articles/PMC4256233/
Tuberculosis-431,PNG,512*512,https://www.ncbi.nlm.nih.gov/pmc/articles/PMC4256233/
Tuberculosis-432,PNG,512*512,https://www.ncbi.nlm.nih.gov/pmc/articles/PMC4256233/
Tuberculosis-433,PNG,512*512,https://www.ncbi.nlm.nih.gov/pmc/articles/PMC4256233/
Tuberculosis-434,PNG,512*512,https://www.ncbi.nlm.nih.gov/pmc/articles/PMC4256233/
Tuberculosis-435,PNG,512*512,https://www.ncbi.nlm.nih.gov/pmc/articles/PMC4256233/
Tuberculosis-436,PNG,512*512,https://www.ncbi.nlm.nih.gov/pmc/articles/PMC4256233/
Tuberculosis-437,PNG,512*512,https://www.ncbi.nlm.nih.gov/pmc/articles/PMC4256233/
Tuberculosis-438,PNG,512*512,https://www.ncbi.nlm.nih.gov/pmc/articles/PMC4256233/
Tuberculosis-439,PNG,512*512,https://www.ncbi.nlm.nih.gov/pmc/articles/PMC4256233/
Tuberculosis-440,PNG,512*512,https://www.ncbi.nlm.nih.gov/pmc/articles/PMC4256233/
Tuberculosis-441,PNG,512*512,https://www.ncbi.nlm.nih.gov/pmc/articles/PMC4256233/
Tuberculosis-442,PNG,512*512,https://www.ncbi.nlm.nih.gov/pmc/articles/PMC4256233/
Tuberculosis-443,PNG,512*512,https://www.ncbi.nlm.nih.gov/pmc/articles/PMC4256233/
Tuberculosis-444,PNG,512*512,https://www.ncbi.nlm.nih.gov/pmc/articles/PMC4256233/
Tuberculosis-445,PNG,512*512,https://www.ncbi.nlm.nih.gov/pmc/articles/PMC4256233/
Tuberculosis-446,PNG,512*512,https://www.ncbi.nlm.nih.gov/pmc/articles/PMC4256233/
Tuberculosis-447,PNG,512*512,https://www.ncbi.nlm.nih.gov/pmc/articles/PMC4256233/
Tuberculosis-448,PNG,512*512,https://www.ncbi.nlm.nih.gov/pmc/articles/PMC4256233/
Tuberculosis-449,PNG,512*512,https://www.ncbi.nlm.nih.gov/pmc/articles/PMC4256233/
Tuberculosis-450,PNG,512*512,https://www.ncbi.nlm.nih.gov/pmc/articles/PMC4256233/
Tuberculosis-451,PNG,512*512,https://www.ncbi.nlm.nih.gov/pmc/articles/PMC4256233/
Tuberculosis-452,PNG,512*512,https://www.ncbi.nlm.nih.gov/pmc/articles/PMC4256233/
Tuberculosis-453,PNG,512*512,https://www.ncbi.nlm.nih.gov/pmc/articles/PMC4256233/
Tuberculosis-454,PNG,512*512,https://www.ncbi.nlm.nih.gov/pmc/articles/PMC4256233/
Tuberculosis-455,PNG,512*512,https://www.ncbi.nlm.nih.gov/pmc/articles/PMC4256233/
Tuberculosis-456,PNG,512*512,https://www.ncbi.nlm.nih.gov/pmc/articles/PMC4256233/
Tuberculosis-457,PNG,512*512,https://www.ncbi.nlm.nih.gov/pmc/articles/PMC4256233/
Tuberculosis-458,PNG,512*512,https://www.ncbi.nlm.nih.gov/pmc/articles/PMC4256233/
Tuberculosis-459,PNG,512*512,https://www.ncbi.nlm.nih.gov/pmc/articles/PMC4256233/
Tuberculosis-460,PNG,512*512,https://www.ncbi.nlm.nih.gov/pmc/articles/PMC4256233/
Tuberculosis-461,PNG,512*512,https://www.ncbi.nlm.nih.gov/pmc/articles/PMC4256233/
Tuberculosis-462,PNG,512*512,https://www.ncbi.nlm.nih.gov/pmc/articles/PMC4256233/
Tuberculosis-463,PNG,512*512,https://www.ncbi.nlm.nih.gov/pmc/articles/PMC4256233/
Tuberculosis-464,PNG,512*512,https://www.ncbi.nlm.nih.gov/pmc/articles/PMC4256233/
Tuberculosis-465,PNG,512*512,https://www.ncbi.nlm.nih.gov/pmc/articles/PMC4256233/
Tuberculosis-466,PNG,512*512,https://www.ncbi.nlm.nih.gov/pmc/articles/PMC4256233/
Tuberculosis-467,PNG,512*512,https://www.ncbi.nlm.nih.gov/pmc/articles/PMC4256233/
Tuberculosis-468,PNG,512*512,https://www.ncbi.nlm.nih.gov/pmc/articles/PMC4256233/
Tuberculosis-469,PNG,512*512,https://www.ncbi.nlm.nih.gov/pmc/articles/PMC4256233/
Tuberculosis-470,PNG,512*512,https://www.ncbi.nlm.nih.gov/pmc/articles/PMC4256233/
Tuberculosis-471,PNG,512*512,https://www.ncbi.nlm.nih.gov/pmc/articles/PMC4256233/
Tuberculosis-472,PNG,512*512,https://www.ncbi.nlm.nih.gov/pmc/articles/PMC4256233/
Tuberculosis-473,PNG,512*512,https://www.ncbi.nlm.nih.gov/pmc/articles/PMC4256233/
Tuberculosis-474,PNG,512*512,https://www.ncbi.nlm.nih.gov/pmc/articles/PMC4256233/
Tuberculosis-475,PNG,512*512,https://www.ncbi.nlm.nih.gov/pmc/articles/PMC4256233/
Tuberculosis-476,PNG,512*512,https://www.ncbi.nlm.nih.gov/pmc/articles/PMC4256233/
Tuberculosis-477,PNG,512*512,https://www.ncbi.nlm.nih.gov/pmc/articles/PMC4256233/
Tuberculosis-478,PNG,512*512,https://www.ncbi.nlm.nih.gov/pmc/articles/PMC4256233/
Tuberculosis-479,PNG,512*512,https://www.ncbi.nlm.nih.gov/pmc/articles/PMC4256233/
Tuberculosis-480,PNG,512*512,https://www.ncbi.nlm.nih.gov/pmc/articles/PMC4256233/
Tuberculosis-481,PNG,512*512,https://www.ncbi.nlm.nih.gov/pmc/articles/PMC4256233/
Tuberculosis-482,PNG,512*512,https://www.ncbi.nlm.nih.gov/pmc/articles/PMC4256233/
Tuberculosis-483,PNG,512*512,https://www.ncbi.nlm.nih.gov/pmc/articles/PMC4256233/
Tuberculosis-484,PNG,512*512,https://www.ncbi.nlm.nih.gov/pmc/articles/PMC4256233/
Tuberculosis-485,PNG,512*512,https://www.ncbi.nlm.nih.gov/pmc/articles/PMC4256233/
Tuberculosis-486,PNG,512*512,https://www.ncbi.nlm.nih.gov/pmc/articles/PMC4256233/
Tuberculosis-487,PNG,512*512,https://www.ncbi.nlm.nih.gov/pmc/articles/PMC4256233/
Tuberculosis-488,PNG,512*512,https://www.ncbi.nlm.nih.gov/pmc/articles/PMC4256233/
Tuberculosis-489,PNG,512*512,https://www.ncbi.nlm.nih.gov/pmc/articles/PMC4256233/
Tuberculosis-490,PNG,512*512,https://www.ncbi.nlm.nih.gov/pmc/articles/PMC4256233/
Tuberculosis-491,PNG,512*512,https://www.ncbi.nlm.nih.gov/pmc/articles/PMC4256233/
Tuberculosis-492,PNG,512*512,https://www.ncbi.nlm.nih.gov/pmc/articles/PMC4256233/
Tuberculosis-493,PNG,512*512,https://www.ncbi.nlm.nih.gov/pmc/articles/PMC4256233/
Tuberculosis-494,PNG,512*512,https://www.ncbi.nlm.nih.gov/pmc/articles/PMC4256233/
Tuberculosis-495,PNG,512*512,https://www.ncbi.nlm.nih.gov/pmc/articles/PMC4256233/
Tuberculosis-496,PNG,512*512,https://www.ncbi.nlm.nih.gov/pmc/articles/PMC4256233/
Tuberculosis-497,PNG,512*512,https://www.ncbi.nlm.nih.gov/pmc/articles/PMC4256233/
Tuberculosis-498,PNG,512*512,https://www.ncbi.nlm.nih.gov/pmc/articles/PMC4256233/
Tuberculosis-499,PNG,512*512,https://www.ncbi.nlm.nih.gov/pmc/articles/PMC4256233/
Tuberculosis-500,PNG,512*512,https://www.ncbi.nlm.nih.gov/pmc/articles/PMC4256233/
Tuberculosis-501,PNG,512*512,https://www.ncbi.nlm.nih.gov/pmc/articles/PMC4256233/
Tuberculosis-502,PNG,512*512,https://www.ncbi.nlm.nih.gov/pmc/articles/PMC4256233/
Tuberculosis-503,PNG,512*512,https://www.ncbi.nlm.nih.gov/pmc/articles/PMC4256233/
Tuberculosis-504,PNG,512*512,https://www.ncbi.nlm.nih.gov/pmc/articles/PMC4256233/
Tuberculosis-505,PNG,512*512,https://www.ncbi.nlm.nih.gov/pmc/articles/PMC4256233/
Tuberculosis-506,PNG,512*512,https://www.ncbi.nlm.nih.gov/pmc/articles/PMC4256233/
Tuberculosis-507,PNG,512*512,https://www.ncbi.nlm.nih.gov/pmc/articles/PMC4256233/
Tuberculosis-508,PNG,512*512,https://www.ncbi.nlm.nih.gov/pmc/articles/PMC4256233/
Tuberculosis-509,PNG,512*512,https://www.ncbi.nlm.nih.gov/pmc/articles/PMC4256233/
Tuberculosis-510,PNG,512*512,https://www.ncbi.nlm.nih.gov/pmc/articles/PMC4256233/
Tuberculosis-511,PNG,512*512,https://www.ncbi.nlm.nih.gov/pmc/articles/PMC4256233/
Tuberculosis-512,PNG,512*512,https://www.ncbi.nlm.nih.gov/pmc/articles/PMC4256233/
Tuberculosis-513,PNG,512*512,https://www.ncbi.nlm.nih.gov/pmc/articles/PMC4256233/
Tuberculosis-514,PNG,512*512,https://www.ncbi.nlm.nih.gov/pmc/articles/PMC4256233/
Tuberculosis-515,PNG,512*512,https://www.ncbi.nlm.nih.gov/pmc/articles/PMC4256233/
Tuberculosis-516,PNG,512*512,https://www.ncbi.nlm.nih.gov/pmc/articles/PMC4256233/
Tuberculosis-517,PNG,512*512,https://www.ncbi.nlm.nih.gov/pmc/articles/PMC4256233/
Tuberculosis-518,PNG,512*512,https://www.ncbi.nlm.nih.gov/pmc/articles/PMC4256233/
Tuberculosis-519,PNG,512*512,https://www.ncbi.nlm.nih.gov/pmc/articles/PMC4256233/
Tuberculosis-520,PNG,512*512,https://www.ncbi.nlm.nih.gov/pmc/articles/PMC4256233/
Tuberculosis-521,PNG,512*512,https://www.ncbi.nlm.nih.gov/pmc/articles/PMC4256233/
Tuberculosis-522,PNG,512*512,https://www.ncbi.nlm.nih.gov/pmc/articles/PMC4256233/
Tuberculosis-523,PNG,512*512,https://www.ncbi.nlm.nih.gov/pmc/articles/PMC4256233/
Tuberculosis-524,PNG,512*512,https://www.ncbi.nlm.nih.gov/pmc/articles/PMC4256233/
Tuberculosis-525,PNG,512*512,https://www.ncbi.nlm.nih.gov/pmc/articles/PMC4256233/
Tuberculosis-526,PNG,512*512,https://www.ncbi.nlm.nih.gov/pmc/articles/PMC4256233/
Tuberculosis-527,PNG,512*512,https://www.ncbi.nlm.nih.gov/pmc/articles/PMC4256233/
Tuberculosis-528,PNG,512*512,https://www.ncbi.nlm.nih.gov/pmc/articles/PMC4256233/
Tuberculosis-529,PNG,512*512,https://www.ncbi.nlm.nih.gov/pmc/articles/PMC4256233/
Tuberculosis-530,PNG,512*512,https://www.ncbi.nlm.nih.gov/pmc/articles/PMC4256233/
Tuberculosis-531,PNG,512*512,https://www.ncbi.nlm.nih.gov/pmc/articles/PMC4256233/
Tuberculosis-532,PNG,512*512,https://www.ncbi.nlm.nih.gov/pmc/articles/PMC4256233/
Tuberculosis-533,PNG,512*512,https://www.ncbi.nlm.nih.gov/pmc/articles/PMC4256233/
Tuberculosis-534,PNG,512*512,https://www.ncbi.nlm.nih.gov/pmc/articles/PMC4256233/
Tuberculosis-535,PNG,512*512,https://www.ncbi.nlm.nih.gov/pmc/articles/PMC4256233/
Tuberculosis-536,PNG,512*512,https://www.ncbi.nlm.nih.gov/pmc/articles/PMC4256233/
Tuberculosis-537,PNG,512*512,https://www.ncbi.nlm.nih.gov/pmc/articles/PMC4256233/
Tuberculosis-538,PNG,512*512,https://www.ncbi.nlm.nih.gov/pmc/articles/PMC4256233/
Tuberculosis-539,PNG,512*512,https://www.ncbi.nlm.nih.gov/pmc/articles/PMC4256233/
Tuberculosis-540,PNG,512*512,https://www.ncbi.nlm.nih.gov/pmc/articles/PMC4256233/
Tuberculosis-541,PNG,512*512,https://www.ncbi.nlm.nih.gov/pmc/articles/PMC4256233/
Tuberculosis-542,PNG,512*512,https://www.ncbi.nlm.nih.gov/pmc/articles/PMC4256233/
Tuberculosis-543,PNG,512*512,https://www.ncbi.nlm.nih.gov/pmc/articles/PMC4256233/
Tuberculosis-544,PNG,512*512,https://www.ncbi.nlm.nih.gov/pmc/articles/PMC4256233/
Tuberculosis-545,PNG,512*512,https://www.ncbi.nlm.nih.gov/pmc/articles/PMC4256233/
Tuberculosis-546,PNG,512*512,https://www.ncbi.nlm.nih.gov/pmc/articles/PMC4256233/
Tuberculosis-547,PNG,512*512,https://www.ncbi.nlm.nih.gov/pmc/articles/PMC4256233/
Tuberculosis-548,PNG,512*512,https://www.ncbi.nlm.nih.gov/pmc/articles/PMC4256233/
Tuberculosis-549,PNG,512*512,https://www.ncbi.nlm.nih.gov/pmc/articles/PMC4256233/
Tuberculosis-550,PNG,512*512,https://www.ncbi.nlm.nih.gov/pmc/articles/PMC4256233/
Tuberculosis-551,PNG,512*512,https://www.ncbi.nlm.nih.gov/pmc/articles/PMC4256233/
Tuberculosis-552,PNG,512*512,https://www.ncbi.nlm.nih.gov/pmc/articles/PMC4256233/
Tuberculosis-553,PNG,512*512,https://www.ncbi.nlm.nih.gov/pmc/articles/PMC4256233/
Tuberculosis-554,PNG,512*512,https://www.ncbi.nlm.nih.gov/pmc/articles/PMC4256233/
Tuberculosis-555,PNG,512*512,https://www.ncbi.nlm.nih.gov/pmc/articles/PMC4256233/
Tuberculosis-556,PNG,512*512,https://www.ncbi.nlm.nih.gov/pmc/articles/PMC4256233/
Tuberculosis-557,PNG,512*512,https://www.ncbi.nlm.nih.gov/pmc/articles/PMC4256233/
Tuberculosis-558,PNG,512*512,https://www.ncbi.nlm.nih.gov/pmc/articles/PMC4256233/
Tuberculosis-559,PNG,512*512,https://www.ncbi.nlm.nih.gov/pmc/articles/PMC4256233/
Tuberculosis-560,PNG,512*512,https://www.ncbi.nlm.nih.gov/pmc/articles/PMC4256233/
Tuberculosis-561,PNG,512*512,https://www.ncbi.nlm.nih.gov/pmc/articles/PMC4256233/
Tuberculosis-562,PNG,512*512,https://www.ncbi.nlm.nih.gov/pmc/articles/PMC4256233/
Tuberculosis-563,PNG,512*512,https://www.ncbi.nlm.nih.gov/pmc/articles/PMC4256233/
Tuberculosis-564,PNG,512*512,https://www.ncbi.nlm.nih.gov/pmc/articles/PMC4256233/
Tuberculosis-565,PNG,512*512,https://www.ncbi.nlm.nih.gov/pmc/articles/PMC4256233/
Tuberculosis-566,PNG,512*512,https://www.ncbi.nlm.nih.gov/pmc/articles/PMC4256233/
Tuberculosis-567,PNG,512*512,https://www.ncbi.nlm.nih.gov/pmc/articles/PMC4256233/
Tuberculosis-568,PNG,512*512,https://www.ncbi.nlm.nih.gov/pmc/articles/PMC4256233/
Tuberculosis-569,PNG,512*512,https://www.ncbi.nlm.nih.gov/pmc/articles/PMC4256233/
Tuberculosis-570,PNG,512*512,https://www.ncbi.nlm.nih.gov/pmc/articles/PMC4256233/
Tuberculosis-571,PNG,512*512,https://www.ncbi.nlm.nih.gov/pmc/articles/PMC4256233/
Tuberculosis-572,PNG,512*512,https://www.ncbi.nlm.nih.gov/pmc/articles/PMC4256233/
Tuberculosis-573,PNG,512*512,https://www.ncbi.nlm.nih.gov/pmc/articles/PMC4256233/
Tuberculosis-574,PNG,512*512,https://www.ncbi.nlm.nih.gov/pmc/articles/PMC4256233/
Tuberculosis-575,PNG,512*512,https://www.ncbi.nlm.nih.gov/pmc/articles/PMC4256233/
Tuberculosis-576,PNG,512*512,https://www.ncbi.nlm.nih.gov/pmc/articles/PMC4256233/
Tuberculosis-577,PNG,512*512,https://www.ncbi.nlm.nih.gov/pmc/articles/PMC4256233/
Tuberculosis-578,PNG,512*512,https://www.ncbi.nlm.nih.gov/pmc/articles/PMC4256233/
Tuberculosis-579,PNG,512*512,https://www.ncbi.nlm.nih.gov/pmc/articles/PMC4256233/
Tuberculosis-580,PNG,512*512,https://www.ncbi.nlm.nih.gov/pmc/articles/PMC4256233/
Tuberculosis-581,PNG,512*512,https://www.ncbi.nlm.nih.gov/pmc/articles/PMC4256233/
Tuberculosis-582,PNG,512*512,https://www.ncbi.nlm.nih.gov/pmc/articles/PMC4256233/
Tuberculosis-583,PNG,512*512,https://www.ncbi.nlm.nih.gov/pmc/articles/PMC4256233/
Tuberculosis-584,PNG,512*512,https://www.ncbi.nlm.nih.gov/pmc/articles/PMC4256233/
Tuberculosis-585,PNG,512*512,https://www.ncbi.nlm.nih.gov/pmc/articles/PMC4256233/
Tuberculosis-586,PNG,512*512,https://www.ncbi.nlm.nih.gov/pmc/articles/PMC4256233/
Tuberculosis-587,PNG,512*512,https://www.ncbi.nlm.nih.gov/pmc/articles/PMC4256233/
Tuberculosis-588,PNG,512*512,https://www.ncbi.nlm.nih.gov/pmc/articles/PMC4256233/
Tuberculosis-589,PNG,512*512,https://www.ncbi.nlm.nih.gov/pmc/articles/PMC4256233/
Tuberculosis-590,PNG,512*512,https://www.ncbi.nlm.nih.gov/pmc/articles/PMC4256233/
Tuberculosis-591,PNG,512*512,https://www.ncbi.nlm.nih.gov/pmc/articles/PMC4256233/
Tuberculosis-592,PNG,512*512,https://www.ncbi.nlm.nih.gov/pmc/articles/PMC4256233/
Tuberculosis-593,PNG,512*512,https://www.ncbi.nlm.nih.gov/pmc/articles/PMC4256233/
Tuberculosis-594,PNG,512*512,https://www.ncbi.nlm.nih.gov/pmc/articles/PMC4256233/
Tuberculosis-595,PNG,512*512,https://www.ncbi.nlm.nih.gov/pmc/articles/PMC4256233/
Tuberculosis-596,PNG,512*512,https://www.ncbi.nlm.nih.gov/pmc/articles/PMC4256233/
Tuberculosis-597,PNG,512*512,https://www.ncbi.nlm.nih.gov/pmc/articles/PMC4256233/
Tuberculosis-598,PNG,512*512,https://www.ncbi.nlm.nih.gov/pmc/articles/PMC4256233/
Tuberculosis-599,PNG,512*512,https://www.ncbi.nlm.nih.gov/pmc/articles/PMC4256233/
Tuberculosis-600,PNG,512*512,https://www.ncbi.nlm.nih.gov/pmc/articles/PMC4256233/
Tuberculosis-601,PNG,512*512,https://www.ncbi.nlm.nih.gov/pmc/articles/PMC4256233/
Tuberculosis-602,PNG,512*512,https://www.ncbi.nlm.nih.gov/pmc/articles/PMC4256233/
Tuberculosis-603,PNG,512*512,https://www.ncbi.nlm.nih.gov/pmc/articles/PMC4256233/
Tuberculosis-604,PNG,512*512,https://www.ncbi.nlm.nih.gov/pmc/articles/PMC4256233/
Tuberculosis-605,PNG,512*512,https://www.ncbi.nlm.nih.gov/pmc/articles/PMC4256233/
Tuberculosis-606,PNG,512*512,https://www.ncbi.nlm.nih.gov/pmc/articles/PMC4256233/
Tuberculosis-607,PNG,512*512,https://www.ncbi.nlm.nih.gov/pmc/articles/PMC4256233/
Tuberculosis-608,PNG,512*512,https://www.ncbi.nlm.nih.gov/pmc/articles/PMC4256233/
Tuberculosis-609,PNG,512*512,https://www.ncbi.nlm.nih.gov/pmc/articles/PMC4256233/
Tuberculosis-610,PNG,512*512,https://www.ncbi.nlm.nih.gov/pmc/articles/PMC4256233/
Tuberculosis-611,PNG,512*512,https://www.ncbi.nlm.nih.gov/pmc/articles/PMC4256233/
Tuberculosis-612,PNG,512*512,https://www.ncbi.nlm.nih.gov/pmc/articles/PMC4256233/
Tuberculosis-613,PNG,512*512,https://www.ncbi.nlm.nih.gov/pmc/articles/PMC4256233/
Tuberculosis-614,PNG,512*512,https://www.ncbi.nlm.nih.gov/pmc/articles/PMC4256233/
Tuberculosis-615,PNG,512*512,https://www.ncbi.nlm.nih.gov/pmc/articles/PMC4256233/
Tuberculosis-616,PNG,512*512,https://www.ncbi.nlm.nih.gov/pmc/articles/PMC4256233/
Tuberculosis-617,PNG,512*512,https://www.ncbi.nlm.nih.gov/pmc/articles/PMC4256233/
Tuberculosis-618,PNG,512*512,https://www.ncbi.nlm.nih.gov/pmc/articles/PMC4256233/
Tuberculosis-619,PNG,512*512,https://www.ncbi.nlm.nih.gov/pmc/articles/PMC4256233/
Tuberculosis-620,PNG,512*512,https://www.ncbi.nlm.nih.gov/pmc/articles/PMC4256233/
Tuberculosis-621,PNG,512*512,https://www.ncbi.nlm.nih.gov/pmc/articles/PMC4256233/
Tuberculosis-622,PNG,512*512,https://www.ncbi.nlm.nih.gov/pmc/articles/PMC4256233/
Tuberculosis-623,PNG,512*512,https://www.ncbi.nlm.nih.gov/pmc/articles/PMC4256233/
Tuberculosis-624,PNG,512*512,https://www.ncbi.nlm.nih.gov/pmc/articles/PMC4256233/
Tuberculosis-625,PNG,512*512,https://www.ncbi.nlm.nih.gov/pmc/articles/PMC4256233/
Tuberculosis-626,PNG,512*512,https://www.ncbi.nlm.nih.gov/pmc/articles/PMC4256233/
Tuberculosis-627,PNG,512*512,https://www.ncbi.nlm.nih.gov/pmc/articles/PMC4256233/
Tuberculosis-628,PNG,512*512,https://www.ncbi.nlm.nih.gov/pmc/articles/PMC4256233/
Tuberculosis-629,PNG,512*512,https://www.ncbi.nlm.nih.gov/pmc/articles/PMC4256233/
Tuberculosis-630,PNG,512*512,https://www.ncbi.nlm.nih.gov/pmc/articles/PMC4256233/
Tuberculosis-631,PNG,512*512,https://www.ncbi.nlm.nih.gov/pmc/articles/PMC4256233/
Tuberculosis-632,PNG,512*512,https://www.ncbi.nlm.nih.gov/pmc/articles/PMC4256233/
Tuberculosis-633,PNG,512*512,https://www.ncbi.nlm.nih.gov/pmc/articles/PMC4256233/
Tuberculosis-634,PNG,512*512,https://www.ncbi.nlm.nih.gov/pmc/articles/PMC4256233/
Tuberculosis-635,PNG,512*512,https://www.ncbi.nlm.nih.gov/pmc/articles/PMC4256233/
Tuberculosis-636,PNG,512*512,https://www.ncbi.nlm.nih.gov/pmc/articles/PMC4256233/
Tuberculosis-637,PNG,512*512,https://www.ncbi.nlm.nih.gov/pmc/articles/PMC4256233/
Tuberculosis-638,PNG,512*512,https://www.ncbi.nlm.nih.gov/pmc/articles/PMC4256233/
Tuberculosis-639,PNG,512*512,https://www.ncbi.nlm.nih.gov/pmc/articles/PMC4256233/
Tuberculosis-640,PNG,512*512,https://www.ncbi.nlm.nih.gov/pmc/articles/PMC4256233/
Tuberculosis-641,PNG,512*512,https://www.ncbi.nlm.nih.gov/pmc/articles/PMC4256233/
Tuberculosis-642,PNG,512*512,https://www.ncbi.nlm.nih.gov/pmc/articles/PMC4256233/
Tuberculosis-643,PNG,512*512,https://www.ncbi.nlm.nih.gov/pmc/articles/PMC4256233/
Tuberculosis-644,PNG,512*512,https://www.ncbi.nlm.nih.gov/pmc/articles/PMC4256233/
Tuberculosis-645,PNG,512*512,https://www.ncbi.nlm.nih.gov/pmc/articles/PMC4256233/
Tuberculosis-646,PNG,512*512,https://www.ncbi.nlm.nih.gov/pmc/articles/PMC4256233/
Tuberculosis-647,PNG,512*512,https://www.ncbi.nlm.nih.gov/pmc/articles/PMC4256233/
Tuberculosis-648,PNG,512*512,https://www.ncbi.nlm.nih.gov/pmc/articles/PMC4256233/
Tuberculosis-649,PNG,512*512,https://www.ncbi.nlm.nih.gov/pmc/articles/PMC4256233/
Tuberculosis-650,PNG,512*512,https://www.ncbi.nlm.nih.gov/pmc/articles/PMC4256233/
Tuberculosis-651,PNG,512*512,https://www.ncbi.nlm.nih.gov/pmc/articles/PMC4256233/
Tuberculosis-652,PNG,512*512,https://www.ncbi.nlm.nih.gov/pmc/articles/PMC4256233/
Tuberculosis-653,PNG,512*512,https://www.ncbi.nlm.nih.gov/pmc/articles/PMC4256233/
Tuberculosis-654,PNG,512*512,https://www.ncbi.nlm.nih.gov/pmc/articles/PMC4256233/
Tuberculosis-655,PNG,512*512,https://www.ncbi.nlm.nih.gov/pmc/articles/PMC4256233/
Tuberculosis-656,PNG,512*512,https://www.ncbi.nlm.nih.gov/pmc/articles/PMC4256233/
Tuberculosis-657,PNG,512*512,https://www.ncbi.nlm.nih.gov/pmc/articles/PMC4256233/
Tuberculosis-658,PNG,512*512,https://www.ncbi.nlm.nih.gov/pmc/articles/PMC4256233/
Tuberculosis-659,PNG,512*512,https://www.ncbi.nlm.nih.gov/pmc/articles/PMC4256233/
Tuberculosis-660,PNG,512*512,https://www.ncbi.nlm.nih.gov/pmc/articles/PMC4256233/
Tuberculosis-661,PNG,512*512,https://www.ncbi.nlm.nih.gov/pmc/articles/PMC4256233/
Tuberculosis-662,PNG,512*512,https://www.ncbi.nlm.nih.gov/pmc/articles/PMC4256233/
Tuberculosis-663,PNG,512*512,https://www.ncbi.nlm.nih.gov/pmc/articles/PMC4256233/
Tuberculosis-664,PNG,512*512,https://www.ncbi.nlm.nih.gov/pmc/articles/PMC4256233/
Tuberculosis-665,PNG,512*512,https://www.ncbi.nlm.nih.gov/pmc/articles/PMC4256233/
Tuberculosis-666,PNG,512*512,https://www.ncbi.nlm.nih.gov/pmc/articles/PMC4256233/
Tuberculosis-667,PNG,512*512,https://www.ncbi.nlm.nih.gov/pmc/articles/PMC4256233/
Tuberculosis-668,PNG,512*512,https://www.ncbi.nlm.nih.gov/pmc/articles/PMC4256233/
Tuberculosis-669,PNG,512*512,https://www.ncbi.nlm.nih.gov/pmc/articles/PMC4256233/
Tuberculosis-670,PNG,512*512,https://www.ncbi.nlm.nih.gov/pmc/articles/PMC4256233/
Tuberculosis-671,PNG,512*512,https://www.ncbi.nlm.nih.gov/pmc/articles/PMC4256233/
Tuberculosis-672,PNG,512*512,https://www.ncbi.nlm.nih.gov/pmc/articles/PMC4256233/
Tuberculosis-673,PNG,512*512,https://www.ncbi.nlm.nih.gov/pmc/articles/PMC4256233/
Tuberculosis-674,PNG,512*512,https://www.ncbi.nlm.nih.gov/pmc/articles/PMC4256233/
Tuberculosis-675,PNG,512*512,https://www.ncbi.nlm.nih.gov/pmc/articles/PMC4256233/
Tuberculosis-676,PNG,512*512,https://www.ncbi.nlm.nih.gov/pmc/articles/PMC4256233/
Tuberculosis-677,PNG,512*512,https://www.ncbi.nlm.nih.gov/pmc/articles/PMC4256233/
Tuberculosis-678,PNG,512*512,https://www.ncbi.nlm.nih.gov/pmc/articles/PMC4256233/
Tuberculosis-679,PNG,512*512,https://www.ncbi.nlm.nih.gov/pmc/articles/PMC4256233/
Tuberculosis-680,PNG,512*512,https://www.ncbi.nlm.nih.gov/pmc/articles/PMC4256233/
Tuberculosis-681,PNG,512*512,https://www.ncbi.nlm.nih.gov/pmc/articles/PMC4256233/
Tuberculosis-682,PNG,512*512,https://www.ncbi.nlm.nih.gov/pmc/articles/PMC4256233/
Tuberculosis-683,PNG,512*512,https://www.ncbi.nlm.nih.gov/pmc/articles/PMC4256233/
Tuberculosis-684,PNG,512*512,https://www.ncbi.nlm.nih.gov/pmc/articles/PMC4256233/
Tuberculosis-685,PNG,512*512,https://www.ncbi.nlm.nih.gov/pmc/articles/PMC4256233/
Tuberculosis-686,PNG,512*512,https://www.ncbi.nlm.nih.gov/pmc/articles/PMC4256233/
Tuberculosis-687,PNG,512*512,https://www.ncbi.nlm.nih.gov/pmc/articles/PMC4256233/
Tuberculosis-688,PNG,512*512,https://www.ncbi.nlm.nih.gov/pmc/articles/PMC4256233/
Tuberculosis-689,PNG,512*512,https://www.ncbi.nlm.nih.gov/pmc/articles/PMC4256233/
Tuberculosis-690,PNG,512*512,https://www.ncbi.nlm.nih.gov/pmc/articles/PMC4256233/
Tuberculosis-691,PNG,512*512,https://www.ncbi.nlm.nih.gov/pmc/articles/PMC4256233/
Tuberculosis-692,PNG,512*512,https://www.ncbi.nlm.nih.gov/pmc/articles/PMC4256233/
Tuberculosis-693,PNG,512*512,https://www.ncbi.nlm.nih.gov/pmc/articles/PMC4256233/
Tuberculosis-694,PNG,512*512,https://www.ncbi.nlm.nih.gov/pmc/articles/PMC4256233/
Tuberculosis-695,PNG,512*512,https://www.ncbi.nlm.nih.gov/pmc/articles/PMC4256233/
Tuberculosis-696,PNG,512*512,https://www.ncbi.nlm.nih.gov/pmc/articles/PMC4256233/
Tuberculosis-697,PNG,512*512,https://www.ncbi.nlm.nih.gov/pmc/articles/PMC4256233/
Tuberculosis-698,PNG,512*512,https://www.ncbi.nlm.nih.gov/pmc/articles/PMC4256233/
Tuberculosis-699,PNG,512*512,https://www.ncbi.nlm.nih.gov/pmc/articles/PMC4256233/
Tuberculosis-700,PNG,512*512,https://www.ncbi.nlm.nih.gov/pmc/articles/PMC4256233/
